name,allycode,estimatedScore,lastActualScore,diff,diffPercent,Date
EmperorArteta,773617974,9609000,10170000,561000,5.8,20/08/2025
Din Al,111269643,9470500,10800000,1329500,14.0,20/08/2025
Opus,714481928,7630500,4260000,-3370500,-44.2,20/08/2025
Cameron2394,175552525,7573000,8250000,677000,8.9,20/08/2025
FollowerofRevan,383374114,6905000,7650000,745000,10.8,20/08/2025
Everton Jabb,288791193,6834500,7380000,545500,8.0,20/08/2025
Aserius,329527574,6597500,7305000,707500,10.7,20/08/2025
Taero,835846684,6361000,8400000,2039000,32.1,20/08/2025
HopDreama,831667164,6344000,4250000,-2094000,-33.0,20/08/2025
Locohoco,845117889,5734000,5250000,-484000,-8.4,20/08/2025
Hirosaki,525563516,5378000,5365000,-13000,-0.2,20/08/2025
oxo,746354557,5309500,5745000,435500,8.2,20/08/2025
Banshajn,594438654,4903000,4430000,-473000,-9.6,20/08/2025
Dulce Periculum,927867842,4884000,2550000,-2334000,-47.8,20/08/2025
PRCalvin,934934434,4679000,5100000,421000,9.0,20/08/2025
JAYBIRD,695141142,4283000,4495000,212000,4.9,20/08/2025
Custardman,987762447,4268500,4050000,-218500,-5.1,20/08/2025
Trojan,991471861,4258000,4867500,609500,14.3,20/08/2025
Chelli,517437864,4066500,5100000,1033500,25.4,20/08/2025
TigerMan,793532625,4019000,4350000,331000,8.2,20/08/2025
Fleshstorm,551677697,3983000,2250000,-1733000,-43.5,20/08/2025
FØAL,329491646,3675500,4202500,527000,14.3,20/08/2025
Azz01,721643814,3562000,4065000,503000,14.1,20/08/2025
Talyn Stormborn,173394124,3560000,4222500,662500,18.6,20/08/2025
Anci,385391552,3480500,2495000,-985500,-28.3,20/08/2025
Holycrabe,694878992,3447500,3450000,2500,0.1,20/08/2025
spudgun187 ren,219174177,3350000,3300000,-50000,-1.5,20/08/2025
Preece,584755472,3167500,3150000,-17500,-0.6,20/08/2025
Xiphi,682499677,3017000,2210000,-807000,-26.7,20/08/2025
Obo Nâm,684865438,2924000,2700000,-224000,-7.7,20/08/2025
Vega,174627284,2906500,3757500,851000,29.3,20/08/2025
Dimes and Pennies,554627389,2887500,2152500,-735000,-25.5,20/08/2025
eddiebrock,859211587,2886000,2955000,69000,2.4,20/08/2025
Loo Roller,949494782,2873000,1650000,-1223000,-42.6,20/08/2025
ThePassifier,611247972,2820500,0,-2820500,-100.0,20/08/2025
kernowjg,831637777,2715000,1660000,-1055000,-38.9,20/08/2025
3ATM3,724522384,2685000,1860000,-825000,-30.7,20/08/2025
cheeks,963464273,2682000,2172500,-509500,-19.0,20/08/2025
Nick,739563344,2664000,2025000,-639000,-24.0,20/08/2025
Certified Taco Lover,723787248,2580500,2040000,-540500,-20.9,20/08/2025
Glove,658171697,2507000,3150000,643000,25.6,20/08/2025
Chow,774747274,2506000,1590000,-916000,-36.6,20/08/2025
Azog,282218111,2486000,2125000,-361000,-14.5,20/08/2025
Ailurus,375998188,2327000,2795000,468000,20.1,20/08/2025
Calaveylon Kwai,251916916,2179000,1950000,-229000,-10.5,20/08/2025
Kūhaku,213371796,2077000,4050000,1973000,95.0,20/08/2025
BlackSword,516239472,1620500,2100000,479500,29.6,20/08/2025
Iceman2781,432615359,1567500,1545000,-22500,-1.4,20/08/2025
HedaLeia,658841999,1411000,945000,-466000,-33.0,20/08/2025
Chrindall,313149486,475500,,,,20/08/2025
