"name","allycode","estimatedScore","lastActualScore","diff","diffPercent"
"Sanka Bala EL","932419587",17726000,18000000,274000,1.5
"Malachor 5","111532787",17473000,14400000,-3073000,-17.6
"T0GAR NEITSAB","452446535",17353500,14400000,-2953500,-17
"Lamjer Duen","781784525",17278500,12600000,-4678500,-27.1
"BonbonsDealer","558485619",17233500,18000000,766500,4.4
"CoffeeNCigarettes","343399131",17222500,17100000,-122500,-0.7
"Marco Ni","971192666",17213500,15180000,-2033500,-11.8
"Iznogood","594721223",17180000,18000000,820000,4.8
"Errtu","655753139",17003500,12480000,-4523500,-26.6
"Alex Skyrunner","939534546",16892000,15300000,-1592000,-9.4
"mini dark Giran Kenor light","762725883",16889000,14400000,-2489000,-14.7
"Darki22","592492696",16877500,10800000,-6077500,-36
"ODIIN","789813736",16874000,13500000,-3374000,-20
"Aber Wrac'h","947135753",16864500,15300000,-1564500,-9.3
"PetitPat","232889545",16845500,13500000,-3345500,-19.9
"DARK FALLE3N","811292671",16760500,15300000,-1460500,-8.7
"Dippas","394499551",16736500,15420000,-1316500,-7.9
"PistolCM5","483414112",16727000,14400000,-2327000,-13.9
"Enguerrand","381937619",16722000,14700000,-2022000,-12.1
"Caliméro","914585185",16718500,13500000,-3218500,-19.3
"EL Diogo","947716674",16703500,14400000,-2303500,-13.8
"Aqua","734668187",16670500,12900000,-3770500,-22.6
"Ambrose","873697312",16658000,11700000,-4958000,-29.8
"Seb Leo","422346441",16634000,14400000,-2234000,-13.4
"Greenmotte","264113751",16623000,10800000,-5823000,-35
"Rash","894949219",16545000,13050000,-3495000,-21.1
"brandonsch67","487725542",16512500,3600000,-12912500,-78.2
"superpap","797174641",16490000,15300000,-1190000,-7.2
"Orctika","421582482",16478000,0,-16478000,-100
"Freemotors","923825426",16424000,13380000,-3044000,-18.5
"LilitailSeiya","255297281",16412500,12540000,-3872500,-23.6
"Torpillen","884611372",16376000,3600000,-12776000,-78
"RV'D2","912914693",16374500,12600000,-3774500,-23.1
"Delu","877777138",16178000,10800000,-5378000,-33.2
"Kayet","428944297",15943500,12360000,-3583500,-22.5
"Oups","282778763",15735000,10800000,-4935000,-31.4
"Sanji","185962162",15589500,15120000,-469500,-3
"Valval","364156443",15484000,0,-15484000,-100
"ΜΞΞRΔVΔL","313753181",15131000,7200000,-7931000,-52.4
"Arkadès","485877323",14785500,13500000,-1285500,-8.7
"Valro46","929141499",14700000,6600000,-8100000,-55.1
"Giran Kenor Endor Legacy","747175681",14685500,13500000,-1185500,-8.1
"AmiralRagePoutine","348941123",14514000,9000000,-5514000,-38
"Spawn","352842656",14142500,13380000,-762500,-5.4
"PDD63","796185462",14063000,12180000,-1883000,-13.4
"Perceval","423918762",13818500,12900000,-918500,-6.6
"TomA","326211641",13776500,6820000,-6956500,-50.5
"HopDreama","831667164",13766000,11200000,-2566000,-18.6
"tavita","357792231",13330500,12000000,-1330500,-10
"coltywan","443173557",9842000,1800000,-8042000,-81.7