Name,Total Territory Points,Platoon Units,Combat Waves,Rogue Actions,P1 Deployed,P1 Territory Points,P1 Deployed GP,P1 Combat Attempts,P1 Special Attempts,P1 Waves,P2 Deployed,P2 Territory Points,P2 Deployed GP,P2 Combat Attempts,P2 Special Attempts,P2 Waves,P3 Deployed,P3 Territory Points,P3 Deployed GP,P3 Combat Attempts,P3 Special Attempts,P3 Waves,P4 Deployed,P4 Territory Points,P4 Deployed GP,P4 Combat Attempts,P4 Special Attempts,P4 Waves,P5 Deployed,P5 Territory Points,P5 Deployed GP,P5 Combat Attempts,P5 Special Attempts,P5 Waves,P6 Deployed,P6 Territory Points,P6 Deployed GP,P6 Combat Attempts,P6 Special Attempts,P6 Waves
Orctika,125100373,17,127,0,Yes,18085853,15085853,13,1,24,Yes,18587371,15087371,12,1,20,Yes,21233903,15091403,14,4,26,Yes,22988907,15091403,13,0,23,Yes,23149442,15093989,12,1,19,Yes,21054897,15093989,10,1,15
Ambrose,111290794,25,121,0,Yes,17363956,14763956,12,1,23,No,3159810,1409810,7,1,12,Yes,20921394,14778894,14,4,26,Yes,22679532,14782028,13,0,23,Yes,21394054,14782089,11,1,18,Yes,25772048,14782089,11,1,19
Arkadès,123604603,18,118,0,Yes,17652089,14852089,12,1,22,Yes,18102089,14852089,11,1,18,Yes,19972751,14854001,13,4,23,Yes,22751505,14854001,13,0,23,Yes,21773091,14854001,10,1,16,Yes,23353078,14854001,12,1,16
Malachor 5,131151093,20,145,0,No,2891961,1491961,7,1,14,Yes,19384144,15884144,12,1,20,Yes,22038300,15895800,14,4,26,Yes,25276081,15897795,14,0,25,Yes,29078441,15901311,16,1,29,Yes,32482166,15901311,17,1,31
RV'D2,136992159,41,140,0,Yes,18340756,15340756,14,1,24,Yes,17237259,15237259,8,1,13,Yes,21385090,15242590,14,4,26,Yes,23798520,15242891,14,0,24,Yes,26147357,15242953,16,1,26,Yes,30083177,15245379,15,1,27
mini dark Giran Kenor light,133578069,25,120,0,Yes,15106814,15106814,0,1,0,Yes,18297187,15047187,11,1,18,Yes,21250119,15107619,14,4,26,Yes,23043932,15146428,13,0,23,Yes,26805965,15109617,15,1,27,Yes,29074052,15110342,15,1,26
tavita,126074057,9,122,1,Yes,17547381,14747381,12,1,22,Yes,17992831,14742831,11,1,18,Yes,20897985,14755485,14,4,26,Yes,20678929,14755801,12,0,18,Yes,22797453,14775638,13,1,16,Yes,26159478,14775638,13,1,22
Delu,102382001,10,73,0,No,567214,367214,1,1,2,Yes,16659676,15159676,8,1,12,Yes,15159676,15159676,0,4,0,Yes,21795773,15159676,12,0,21,Yes,23403455,15207602,11,1,19,Yes,24796207,15170761,12,1,19
Iznogood,109759513,32,100,0,Yes,15812841,15812841,0,1,0,No,2717598,1467598,4,1,4,No,3786870,1398120,4,0,8,Yes,24878126,15828903,15,1,26,Yes,29313158,15828903,17,2,30,Yes,33250920,15828903,19,1,32
Aqua,105207918,38,101,1,No,2247686,1447686,2,1,2,No,964356,964356,0,1,0,Yes,21677630,15535130,14,4,26,Yes,24641399,15537332,14,0,24,Yes,24314529,15537332,12,1,21,Yes,31362318,15537332,16,1,28
Aber Wrac'h,109984742,26,137,4,No,4567126,2367126,10,1,19,Yes,18457658,15457658,12,1,19,Yes,22284555,15459555,15,4,26,Yes,22371440,15461124,13,0,23,Yes,25713984,15461124,14,1,26,No,16589979,3540088,13,1,24
Dippas,137461653,29,131,1,Yes,19532170,16132170,14,1,25,Yes,19509366,16134366,14,1,19,Yes,22279434,16136934,14,4,26,Yes,21731522,16137457,10,0,15,Yes,24914671,16137474,12,1,21,Yes,29494490,16137474,14,1,25
T0GAR NEITSAB,103424152,30,102,0,No,381003,381003,0,1,0,No,4336089,2336089,6,1,8,Yes,21472118,15329618,14,4,26,Yes,24709044,15330758,14,0,25,Yes,21942723,15330758,9,1,15,Yes,30583175,15330758,15,1,28
PetitPat,97621514,21,100,0,No,1200752,800752,2,1,4,No,2393806,1143806,5,1,8,Yes,21448066,15305566,14,4,26,Yes,23203086,15305582,13,0,23,Yes,23673642,15311064,12,1,20,Yes,25702162,15311097,11,0,19
PDD63,133601855,24,142,1,Yes,18065646,14665646,14,1,25,Yes,18174640,14674640,13,1,20,Yes,21510039,14685039,15,4,27,Yes,22586328,14688824,13,0,23,Yes,25253742,14693757,14,1,24,Yes,28011460,14696125,14,1,23
Lamjer Duen,129887308,21,93,1,Yes,15780407,15380407,2,1,1,Yes,15384253,15384253,0,1,0,Yes,21189507,15388257,14,4,24,Yes,22303180,15392864,10,0,15,Yes,23862936,15392864,13,1,23,Yes,31367025,15392864,16,1,30
Freemotors,121375993,28,101,0,Yes,14807150,14807150,0,1,0,Yes,18150914,14775914,12,1,19,Yes,20963024,14820524,14,4,26,Yes,22687806,14790302,13,0,23,Yes,21816948,14790364,11,1,16,Yes,22950151,14798905,12,1,17
Darki22,111658125,10,123,2,No,6008667,3008667,13,1,24,Yes,17487903,14237903,12,1,18,Yes,20096445,14295195,13,4,24,Yes,22159889,14262385,13,0,23,Yes,21517119,14262385,11,1,16,Yes,24388102,14342918,11,1,18
Valval,136775649,12,133,0,Yes,16417728,15217728,6,1,12,Yes,18092728,15217728,11,1,18,Yes,21360360,15217860,14,4,26,Yes,23513295,15231885,14,0,23,Yes,26902378,15236743,16,1,26,Yes,30489160,15236743,15,1,28
ΜΞΞRΔVΔL,73977983,27,29,1,No,1162708,762708,2,1,4,No,267514,267514,0,1,0,Yes,18656251,14902501,7,4,12,Yes,16876877,14902501,2,0,2,Yes,15624245,14902501,1,1,2,Yes,21390388,14910049,5,1,9
Oups,122608645,34,134,7,Yes,16225763,14825763,7,1,14,Yes,18097913,14847913,11,1,18,Yes,20928118,14785618,14,4,26,Yes,23341247,14785618,14,0,24,Yes,26162283,14794998,15,1,27,No,17853321,3785549,14,1,25
Errtu,124554535,13,124,0,No,184282,184282,0,1,0,Yes,19598821,15973821,14,1,21,Yes,22114123,15971623,14,4,26,Yes,25351897,15973611,14,0,25,Yes,25165427,15973611,12,1,22,Yes,32139985,15973749,17,1,30
coltywan,102708704,3,30,0,Yes,14286768,14286768,0,1,0,Yes,14314303,14314303,0,1,0,Yes,17385553,14314303,5,4,8,Yes,15795085,14314303,2,0,3,Yes,18910211,14314303,5,1,8,Yes,22016784,14321838,7,1,11
superpap,133524725,46,140,0,Yes,18313166,14913166,14,1,25,Yes,18218225,14968225,14,1,21,Yes,20967873,15004123,14,4,25,Yes,22865774,14968270,13,0,23,Yes,25668672,14968287,14,1,24,Yes,27491015,14970793,14,1,22
LilitailSeiya,102439308,30,105,0,No,273708,273708,0,1,0,Yes,18630181,15255181,12,1,19,Yes,20885027,15262527,13,4,23,No,11360757,3956847,12,0,21,Yes,24607174,15262527,15,1,23,Yes,26682461,15262527,12,1,19
EL Diogo,117609185,11,128,0,No,1568201,768201,4,1,8,Yes,18075503,14575503,12,1,20,Yes,20762685,14620185,14,4,26,Yes,22512291,14614787,13,0,23,Yes,26311279,14614931,15,1,27,Yes,28379226,14616366,14,1,24
TomA,115340609,15,103,0,Yes,17446216,14746216,13,1,21,Yes,17503126,14753126,13,1,17,Yes,20381406,14758906,14,4,23,Yes,21175628,14758906,13,0,20,Yes,17763353,14760108,10,1,11,Yes,21070880,14762385,9,1,11
CoffeeNCigarettes,145170474,109,151,0,Yes,19322532,16322532,14,1,24,Yes,19952367,16327367,14,1,21,Yes,22469867,16327367,14,4,26,Yes,25212059,16327367,15,0,26,Yes,24837240,16329874,14,1,22,Yes,33376409,16334886,18,0,32
Torpillen,129735500,8,109,0,Yes,16069127,15069127,3,1,4,Yes,17946700,15071700,10,1,15,Yes,21217584,15075084,14,4,26,Yes,22705605,15082320,13,0,22,Yes,22951304,15082320,12,1,15,Yes,28845180,15082320,14,1,27
Perceval,131354026,32,134,0,Yes,17978066,14978066,13,1,24,Yes,18376983,15001983,12,1,19,Yes,20608267,15002017,14,4,25,Yes,21912349,15002033,13,0,22,Yes,24266268,15004252,14,1,21,Yes,28212093,15004252,14,1,23
Seb Leo,141315767,70,150,0,Yes,18312601,15312601,13,1,24,Yes,18782673,15282673,12,1,20,Yes,21427431,15284931,14,4,26,Yes,23567026,15285616,14,0,23,Yes,27773908,15285616,16,1,27,Yes,31452128,15285892,17,1,30
AmiralRagePoutine,115979987,22,72,2,Yes,15482746,14882746,3,1,6,Yes,14882746,14882746,0,1,0,Yes,21060300,14917800,14,4,26,Yes,21828116,14917800,12,0,19,Yes,21036171,14917800,8,0,13,Yes,21689908,14917800,5,0,8
Rash,78323425,20,108,0,No,3443582,1643582,9,1,18,No,4028026,1778026,9,1,16,Yes,21286001,15143501,14,4,26,Yes,23041005,15143501,13,1,23,Yes,23341610,15145757,12,1,19,No,3183201,1017969,4,1,6
ODIIN,134907675,94,138,0,Yes,18653519,15253519,14,1,25,Yes,18503822,15253822,11,1,18,Yes,21055072,15253822,14,4,24,Yes,22629565,15061124,13,0,23,Yes,24652639,15266311,13,1,22,Yes,29413058,15266311,15,1,26
Greenmotte,130321333,12,132,0,Yes,18069789,15069789,13,1,24,Yes,17819789,15069789,11,1,17,Yes,20533239,15073239,14,4,25,Yes,22641680,15073239,14,0,23,Yes,23545818,15075746,12,1,20,Yes,27711018,15075746,14,1,23
HopDreama,140154181,92,151,1,Yes,18022833,15022833,14,1,24,Yes,18775942,15025942,14,1,22,Yes,21683918,15037668,15,4,26,Yes,23323896,15042486,14,0,23,Yes,27395162,15047270,16,1,27,Yes,30952430,15047270,17,1,29
BonbonsDealer,123549791,38,121,0,No,585950,385950,1,1,2,Yes,19502213,16252213,14,1,21,Yes,22394403,16251903,14,4,26,Yes,24807655,16252026,15,0,24,Yes,25029240,16252043,12,1,21,Yes,31230330,16252132,15,1,27
Alex Skyrunner,137920307,97,147,0,Yes,18954514,15554514,14,1,25,Yes,19807217,15557217,14,1,23,Yes,20676900,15558150,14,4,24,Yes,23952374,15561276,14,0,25,Yes,25004993,15473877,15,1,24,Yes,29524309,15560599,15,1,26
Giran Kenor Endor Legacy,126109621,19,115,0,Yes,16696635,14896635,7,1,12,Yes,17775975,14900975,11,1,18,Yes,21040259,14897759,14,4,26,Yes,21814101,14903785,12,0,22,Yes,22959238,14903785,11,1,19,Yes,25823413,14905848,11,1,18
Caliméro,144381519,110,157,0,Yes,18931550,15531550,14,1,25,Yes,19701356,15701356,13,1,21,Yes,21702015,15559515,14,4,26,Yes,25431763,15559883,15,1,27,Yes,26472386,15561401,16,1,27,Yes,32142449,15561594,17,1,31
Spawn,115822749,41,90,0,No,1706793,1306793,1,1,1,Yes,16014324,15889324,1,1,1,Yes,21348703,15888703,14,4,25,Yes,23295264,15891354,12,0,21,Yes,25650620,15891354,14,1,21,Yes,27807045,15893517,12,1,21
Marco Ni,71874525,29,63,2,No,173377,173377,0,1,0,No,72544,72544,0,1,0,Yes,22270408,16306658,14,4,25,Yes,24313849,16306658,15,1,20,No,0,0,1,0,2,Yes,25044347,16306658,12,0,16
Kayet,105972140,13,96,0,No,176387,176387,0,1,0,Yes,18024898,14649898,13,1,19,Yes,20150355,14690355,14,4,25,Yes,21055257,14638535,12,0,20,Yes,21395391,14662770,10,1,15,Yes,25169852,14666906,12,1,17
PistolCM5,101370195,3,106,0,No,182269,182269,0,1,0,Yes,18482572,15232572,12,1,18,Yes,20517239,15235989,14,4,24,No,10414001,3777904,13,0,21,Yes,24316332,15237129,13,1,21,Yes,27457782,15237129,13,1,22
Enguerrand,141916888,23,152,0,Yes,18296549,15296549,14,1,24,Yes,18801148,15301148,13,1,20,Yes,21473731,15331231,14,4,26,Yes,24709595,15331309,14,0,25,Yes,27064951,15331309,16,1,28,Yes,31570914,15331309,16,1,29
DARK FALLE3N,91064353,10,109,3,No,178239,178239,0,1,0,No,6264685,3014685,11,1,18,Yes,21549668,15407168,14,4,26,No,11915506,4018002,13,0,23,Yes,24938284,15407168,15,1,24,Yes,26217971,15407168,10,1,18
brandonsch67,98309819,19,99,1,No,0,0,0,0,0,No,69972,69972,0,1,0,Yes,21082025,14939525,14,4,26,Yes,23223821,14942411,14,0,23,Yes,23397923,15035345,12,1,20,Yes,30536078,14942411,17,1,30
Valro46,125407099,17,116,0,Yes,17927319,15027319,14,1,23,Yes,18527363,15027363,13,1,20,Yes,21200020,15057520,14,4,26,Yes,21200023,15057520,13,0,19,Yes,22357591,15057520,13,0,14,Yes,24194783,15062931,10,1,14
Sanka Bala EL,140451846,100,143,14,Yes,19069746,16069746,13,1,24,Yes,19071314,16071314,12,1,19,Yes,22250707,16108207,14,4,26,Yes,24362153,16080743,14,0,23,Yes,24794523,16080945,14,1,23,Yes,30903403,16080961,15,1,28
Sanji,129433794,29,127,0,Yes,18242021,14842021,14,1,25,Yes,18228040,14853040,13,1,19,Yes,19618972,14857722,14,4,21,Yes,21770315,14859999,13,1,19,Yes,24926390,14859999,13,1,22,Yes,26648056,14864934,13,1,21