CurrentRoundEndTime,Instance,MapStatId,AllyCode,Name,DiscordTag,Score
1791482400000,"vs. 501st Bataillon ",stars,927867842,Dulce Periculum,.libertykush#0000,388
1791482400000,"vs. 501st Bataillon ",stars,159243854,Josh,Jo5h#7836,104
1791482400000,"vs. 501st Bataillon ",stars,584755472,Preece,preece501#0000,402
1791482400000,"vs. 501st Bataillon ",stars,721643814,Azz01,azz0910,288
1791482400000,"vs. 501st Bataillon ",stars,269551657,IceMerlin,icemerlin#0000,298
1791482400000,"vs. 501st Bataillon ",stars,721419977,Viggen,viggen82,220
1791482400000,"vs. 501st Bataillon ",stars,949644732,Rikie1,rikie1,134
1791482400000,"vs. 501st Bataillon ",stars,714481928,Opus,⁦opus⁩#5168,308
1791482400000,"vs. 501st Bataillon ",stars,288791193,Everton Jabb,evertonste3880,294
1791482400000,"vs. 501st Bataillon ",stars,812898471,DarthVenatus,darthvenatus,347
1791482400000,"vs. 501st Bataillon ",stars,251916916,Calaveylon Kwai,⁦Calaveylon Kwai (Fallen)⁩#1389,278
1791482400000,"vs. 501st Bataillon ",stars,173394124,Talyn Stormborn,⁦TalynStormborn⁩#5762,338
1791482400000,"vs. 501st Bataillon ",stars,329491646,FØAL,foalsfam,278
1791482400000,"vs. 501st Bataillon ",stars,551677697,Fleshstorm,Fleshstorm#148,338
1791482400000,"vs. 501st Bataillon ",stars,694878992,Holycrabe,holycrabe#0000,293
1791482400000,"vs. 501st Bataillon ",stars,793532625,TigerMan,tigerman1117#0000,218
1791482400000,"vs. 501st Bataillon ",stars,773617974,EmperorArteta,empart00,526
1791482400000,"vs. 501st Bataillon ",stars,835846684,Taero,⁦haelix⁩#0000,300
1791482400000,"vs. 501st Bataillon ",stars,111269643,Din Al,tubbzuk001#0000,426
1791482400000,"vs. 501st Bataillon ",stars,987762447,Custardman,custardman0#0000,348
1791482400000,"vs. 501st Bataillon ",stars,684865438,Obo Nâm,obonam#0000,314
1791482400000,"vs. 501st Bataillon ",stars,198816595,Jacyn Amme,seamonkey732#0000,20
1791482400000,"vs. 501st Bataillon ",stars,737638164,DarthShuka,predaknight,342
1791482400000,"vs. 501st Bataillon ",stars,729588294,Doomkoph Savant,doomkophsavant,318
1791482400000,"vs. 501st Bataillon ",stars,658841999,HedaLeia,⁦HedaLeia⁩#8741,308
1791482400000,"vs. 501st Bataillon ",stars,479453973,lordvolk01,sr__volk#0000,117
1791482400000,"vs. 501st Bataillon ",stars,658171697,Glove,glove12#0000,312
1791482400000,"vs. 501st Bataillon ",stars,175552525,Cameron2394,Cameron2394#2275,323
1791482400000,"vs. 501st Bataillon ",stars,329527574,Aserius,achiiles#0000,328
1791482400000,"vs. 501st Bataillon ",stars,432615359,Iceman2781,iceman2781#9227,318
1791482400000,"vs. 501st Bataillon ",stars,372576885,ZKylo Jiuter,⁦zkylojiuter⁩#0000,328
1791482400000,"vs. 501st Bataillon ",stars,859211587,eddiebrock,eddie_brock2002._58719,224
1791482400000,"vs. 501st Bataillon ",stars,342737692,Lannavo,thomasdernicourt,243
1791482400000,"vs. 501st Bataillon ",stars,594438654,Banshajn,⁦Banshajn⁩#0082,235
1791482400000,"vs. 501st Bataillon ",stars,845117889,Locohoco,locohoco#0000,54
1791482400000,"vs. 501st Bataillon ",stars,739563344,Nick,nick739563344,336
1791482400000,"vs. 501st Bataillon ",stars,963464273,cheeks,⁦obesecheeks⁩#0000,308
1791482400000,"vs. 501st Bataillon ",stars,227473382,Sweens40,sweens40,274
1791482400000,"vs. 501st Bataillon ",stars,218939644,TickTock,tick_tock,356
1791482400000,"vs. 501st Bataillon ",stars,695141142,JAYBIRD,JAYBIRD#8126,258
1791482400000,"vs. 501st Bataillon ",stars,585218459,Zarckel,zarckel,0
1791482400000,"vs. 501st Bataillon ",stars,517437864,Chelli,Klaud the Bod#1794,0
1791482400000,"vs. 501st Bataillon ",set_defense_stars,927867842,Dulce Periculum,.libertykush#0000,368
1791482400000,"vs. 501st Bataillon ",set_defense_stars,159243854,Josh,Jo5h#7836,94
1791482400000,"vs. 501st Bataillon ",set_defense_stars,584755472,Preece,preece501#0000,402
1791482400000,"vs. 501st Bataillon ",set_defense_stars,721643814,Azz01,azz0910,278
1791482400000,"vs. 501st Bataillon ",set_defense_stars,269551657,IceMerlin,icemerlin#0000,278
1791482400000,"vs. 501st Bataillon ",set_defense_stars,721419977,Viggen,viggen82,210
1791482400000,"vs. 501st Bataillon ",set_defense_stars,949644732,Rikie1,rikie1,120
1791482400000,"vs. 501st Bataillon ",set_defense_stars,714481928,Opus,⁦opus⁩#5168,308
1791482400000,"vs. 501st Bataillon ",set_defense_stars,288791193,Everton Jabb,evertonste3880,274
1791482400000,"vs. 501st Bataillon ",set_defense_stars,812898471,DarthVenatus,darthvenatus,278
1791482400000,"vs. 501st Bataillon ",set_defense_stars,251916916,Calaveylon Kwai,⁦Calaveylon Kwai (Fallen)⁩#1389,278
1791482400000,"vs. 501st Bataillon ",set_defense_stars,173394124,Talyn Stormborn,⁦TalynStormborn⁩#5762,338
1791482400000,"vs. 501st Bataillon ",set_defense_stars,329491646,FØAL,foalsfam,278
1791482400000,"vs. 501st Bataillon ",set_defense_stars,551677697,Fleshstorm,Fleshstorm#148,338
1791482400000,"vs. 501st Bataillon ",set_defense_stars,694878992,Holycrabe,holycrabe#0000,274
1791482400000,"vs. 501st Bataillon ",set_defense_stars,793532625,TigerMan,tigerman1117#0000,218
1791482400000,"vs. 501st Bataillon ",set_defense_stars,773617974,EmperorArteta,empart00,470
1791482400000,"vs. 501st Bataillon ",set_defense_stars,835846684,Taero,⁦haelix⁩#0000,300
1791482400000,"vs. 501st Bataillon ",set_defense_stars,111269643,Din Al,tubbzuk001#0000,406
1791482400000,"vs. 501st Bataillon ",set_defense_stars,987762447,Custardman,custardman0#0000,338
1791482400000,"vs. 501st Bataillon ",set_defense_stars,684865438,Obo Nâm,obonam#0000,274
1791482400000,"vs. 501st Bataillon ",set_defense_stars,737638164,DarthShuka,predaknight,312
1791482400000,"vs. 501st Bataillon ",set_defense_stars,729588294,Doomkoph Savant,doomkophsavant,308
1791482400000,"vs. 501st Bataillon ",set_defense_stars,658841999,HedaLeia,⁦HedaLeia⁩#8741,308
1791482400000,"vs. 501st Bataillon ",set_defense_stars,479453973,lordvolk01,sr__volk#0000,98
1791482400000,"vs. 501st Bataillon ",set_defense_stars,658171697,Glove,glove12#0000,312
1791482400000,"vs. 501st Bataillon ",set_defense_stars,175552525,Cameron2394,Cameron2394#2275,308
1791482400000,"vs. 501st Bataillon ",set_defense_stars,329527574,Aserius,achiiles#0000,308
1791482400000,"vs. 501st Bataillon ",set_defense_stars,432615359,Iceman2781,iceman2781#9227,308
1791482400000,"vs. 501st Bataillon ",set_defense_stars,372576885,ZKylo Jiuter,⁦zkylojiuter⁩#0000,308
1791482400000,"vs. 501st Bataillon ",set_defense_stars,859211587,eddiebrock,eddie_brock2002._58719,214
1791482400000,"vs. 501st Bataillon ",set_defense_stars,342737692,Lannavo,thomasdernicourt,214
1791482400000,"vs. 501st Bataillon ",set_defense_stars,594438654,Banshajn,⁦Banshajn⁩#0082,210
1791482400000,"vs. 501st Bataillon ",set_defense_stars,739563344,Nick,nick739563344,316
1791482400000,"vs. 501st Bataillon ",set_defense_stars,963464273,cheeks,⁦obesecheeks⁩#0000,308
1791482400000,"vs. 501st Bataillon ",set_defense_stars,227473382,Sweens40,sweens40,274
1791482400000,"vs. 501st Bataillon ",set_defense_stars,218939644,TickTock,tick_tock,308
1791482400000,"vs. 501st Bataillon ",set_defense_stars,695141142,JAYBIRD,JAYBIRD#8126,244
1791482400000,"vs. 501st Bataillon ",set_defense_stars,845117889,Locohoco,locohoco#0000,0
1791482400000,"vs. 501st Bataillon ",set_defense_stars,585218459,Zarckel,zarckel,0
1791482400000,"vs. 501st Bataillon ",set_defense_stars,198816595,Jacyn Amme,seamonkey732#0000,0
1791482400000,"vs. 501st Bataillon ",set_defense_stars,517437864,Chelli,Klaud the Bod#1794,0
1791482400000,"vs. 501st Bataillon ",attack_stars,927867842,Dulce Periculum,.libertykush#0000,20
1791482400000,"vs. 501st Bataillon ",attack_stars,159243854,Josh,Jo5h#7836,10
1791482400000,"vs. 501st Bataillon ",attack_stars,721643814,Azz01,azz0910,10
1791482400000,"vs. 501st Bataillon ",attack_stars,269551657,IceMerlin,icemerlin#0000,20
1791482400000,"vs. 501st Bataillon ",attack_stars,949644732,Rikie1,rikie1,14
1791482400000,"vs. 501st Bataillon ",attack_stars,721419977,Viggen,viggen82,10
1791482400000,"vs. 501st Bataillon ",attack_stars,288791193,Everton Jabb,evertonste3880,20
1791482400000,"vs. 501st Bataillon ",attack_stars,812898471,DarthVenatus,darthvenatus,69
1791482400000,"vs. 501st Bataillon ",attack_stars,694878992,Holycrabe,holycrabe#0000,19
1791482400000,"vs. 501st Bataillon ",attack_stars,773617974,EmperorArteta,empart00,56
1791482400000,"vs. 501st Bataillon ",attack_stars,111269643,Din Al,tubbzuk001#0000,20
1791482400000,"vs. 501st Bataillon ",attack_stars,987762447,Custardman,custardman0#0000,10
1791482400000,"vs. 501st Bataillon ",attack_stars,684865438,Obo Nâm,obonam#0000,40
1791482400000,"vs. 501st Bataillon ",attack_stars,198816595,Jacyn Amme,seamonkey732#0000,20
1791482400000,"vs. 501st Bataillon ",attack_stars,729588294,Doomkoph Savant,doomkophsavant,10
1791482400000,"vs. 501st Bataillon ",attack_stars,737638164,DarthShuka,predaknight,30
1791482400000,"vs. 501st Bataillon ",attack_stars,479453973,lordvolk01,sr__volk#0000,19
1791482400000,"vs. 501st Bataillon ",attack_stars,175552525,Cameron2394,Cameron2394#2275,15
1791482400000,"vs. 501st Bataillon ",attack_stars,329527574,Aserius,achiiles#0000,20
1791482400000,"vs. 501st Bataillon ",attack_stars,372576885,ZKylo Jiuter,⁦zkylojiuter⁩#0000,20
1791482400000,"vs. 501st Bataillon ",attack_stars,432615359,Iceman2781,iceman2781#9227,10
1791482400000,"vs. 501st Bataillon ",attack_stars,859211587,eddiebrock,eddie_brock2002._58719,10
1791482400000,"vs. 501st Bataillon ",attack_stars,342737692,Lannavo,thomasdernicourt,29
1791482400000,"vs. 501st Bataillon ",attack_stars,594438654,Banshajn,⁦Banshajn⁩#0082,25
1791482400000,"vs. 501st Bataillon ",attack_stars,845117889,Locohoco,locohoco#0000,54
1791482400000,"vs. 501st Bataillon ",attack_stars,739563344,Nick,nick739563344,20
1791482400000,"vs. 501st Bataillon ",attack_stars,218939644,TickTock,tick_tock,48
1791482400000,"vs. 501st Bataillon ",attack_stars,695141142,JAYBIRD,JAYBIRD#8126,14
1791482400000,"vs. 501st Bataillon ",attack_stars,584755472,Preece,preece501#0000,0
1791482400000,"vs. 501st Bataillon ",attack_stars,714481928,Opus,⁦opus⁩#5168,0
1791482400000,"vs. 501st Bataillon ",attack_stars,329491646,FØAL,foalsfam,0
1791482400000,"vs. 501st Bataillon ",attack_stars,793532625,TigerMan,tigerman1117#0000,0
1791482400000,"vs. 501st Bataillon ",attack_stars,658841999,HedaLeia,⁦HedaLeia⁩#8741,0
1791482400000,"vs. 501st Bataillon ",attack_stars,658171697,Glove,glove12#0000,0
1791482400000,"vs. 501st Bataillon ",attack_stars,963464273,cheeks,⁦obesecheeks⁩#0000,0
1791482400000,"vs. 501st Bataillon ",attack_stars,227473382,Sweens40,sweens40,0
1791482400000,"vs. 501st Bataillon ",attack_stars,585218459,Zarckel,zarckel,0
1791482400000,"vs. 501st Bataillon ",attack_stars,251916916,Calaveylon Kwai,⁦Calaveylon Kwai (Fallen)⁩#1389,0
1791482400000,"vs. 501st Bataillon ",attack_stars,517437864,Chelli,Klaud the Bod#1794,0
1791482400000,"vs. 501st Bataillon ",attack_stars,173394124,Talyn Stormborn,⁦TalynStormborn⁩#5762,0
1791482400000,"vs. 501st Bataillon ",attack_stars,551677697,Fleshstorm,Fleshstorm#148,0
1791482400000,"vs. 501st Bataillon ",attack_stars,835846684,Taero,⁦haelix⁩#0000,0
1791482400000,"vs. 501st Bataillon ",disobey,927867842,Dulce Periculum,.libertykush#0000,0
1791482400000,"vs. 501st Bataillon ",disobey,584755472,Preece,preece501#0000,0
1791482400000,"vs. 501st Bataillon ",disobey,159243854,Josh,Jo5h#7836,0
1791482400000,"vs. 501st Bataillon ",disobey,721643814,Azz01,azz0910,0
1791482400000,"vs. 501st Bataillon ",disobey,949644732,Rikie1,rikie1,0
1791482400000,"vs. 501st Bataillon ",disobey,714481928,Opus,⁦opus⁩#5168,0
1791482400000,"vs. 501st Bataillon ",disobey,288791193,Everton Jabb,evertonste3880,0
1791482400000,"vs. 501st Bataillon ",disobey,812898471,DarthVenatus,darthvenatus,0
1791482400000,"vs. 501st Bataillon ",disobey,329491646,FØAL,foalsfam,0
1791482400000,"vs. 501st Bataillon ",disobey,793532625,TigerMan,tigerman1117#0000,0
1791482400000,"vs. 501st Bataillon ",disobey,773617974,EmperorArteta,empart00,0
1791482400000,"vs. 501st Bataillon ",disobey,111269643,Din Al,tubbzuk001#0000,0
1791482400000,"vs. 501st Bataillon ",disobey,987762447,Custardman,custardman0#0000,0
1791482400000,"vs. 501st Bataillon ",disobey,737638164,DarthShuka,predaknight,0
1791482400000,"vs. 501st Bataillon ",disobey,658841999,HedaLeia,⁦HedaLeia⁩#8741,0
1791482400000,"vs. 501st Bataillon ",disobey,479453973,lordvolk01,sr__volk#0000,0
1791482400000,"vs. 501st Bataillon ",disobey,658171697,Glove,glove12#0000,0
1791482400000,"vs. 501st Bataillon ",disobey,329527574,Aserius,achiiles#0000,0
1791482400000,"vs. 501st Bataillon ",disobey,175552525,Cameron2394,Cameron2394#2275,0
1791482400000,"vs. 501st Bataillon ",disobey,372576885,ZKylo Jiuter,⁦zkylojiuter⁩#0000,0
1791482400000,"vs. 501st Bataillon ",disobey,432615359,Iceman2781,iceman2781#9227,0
1791482400000,"vs. 501st Bataillon ",disobey,342737692,Lannavo,thomasdernicourt,0
1791482400000,"vs. 501st Bataillon ",disobey,859211587,eddiebrock,eddie_brock2002._58719,0
1791482400000,"vs. 501st Bataillon ",disobey,594438654,Banshajn,⁦Banshajn⁩#0082,0
1791482400000,"vs. 501st Bataillon ",disobey,845117889,Locohoco,locohoco#0000,0
1791482400000,"vs. 501st Bataillon ",disobey,739563344,Nick,nick739563344,0
1791482400000,"vs. 501st Bataillon ",disobey,963464273,cheeks,⁦obesecheeks⁩#0000,0
1791482400000,"vs. 501st Bataillon ",disobey,227473382,Sweens40,sweens40,0
1791482400000,"vs. 501st Bataillon ",disobey,218939644,TickTock,tick_tock,0
1791482400000,"vs. 501st Bataillon ",disobey,695141142,JAYBIRD,JAYBIRD#8126,0
1791482400000,"vs. 501st Bataillon ",disobey,585218459,Zarckel,zarckel,0
1791482400000,"vs. 501st Bataillon ",disobey,251916916,Calaveylon Kwai,⁦Calaveylon Kwai (Fallen)⁩#1389,0
1791482400000,"vs. 501st Bataillon ",disobey,684865438,Obo Nâm,obonam#0000,0
1791482400000,"vs. 501st Bataillon ",disobey,198816595,Jacyn Amme,seamonkey732#0000,0
1791482400000,"vs. 501st Bataillon ",disobey,269551657,IceMerlin,icemerlin#0000,0
1791482400000,"vs. 501st Bataillon ",disobey,517437864,Chelli,Klaud the Bod#1794,0
1791482400000,"vs. 501st Bataillon ",disobey,173394124,Talyn Stormborn,⁦TalynStormborn⁩#5762,0
1791482400000,"vs. 501st Bataillon ",disobey,551677697,Fleshstorm,Fleshstorm#148,0
1791482400000,"vs. 501st Bataillon ",disobey,694878992,Holycrabe,holycrabe#0000,0
1791482400000,"vs. 501st Bataillon ",disobey,729588294,Doomkoph Savant,doomkophsavant,0
1791482400000,"vs. 501st Bataillon ",disobey,721419977,Viggen,viggen82,0
1791482400000,"vs. 501st Bataillon ",disobey,835846684,Taero,⁦haelix⁩#0000,0
